collected_at,date,weekday,time,route_name,route_id,plate_no,station_seq,station_id,state,remain_seat,crowded
2026-10-10 05:11:17,2026-10-10,5,05:11,8800,200000205,경기70바5934,1,201000212,0,43,1
2026-10-10 05:12:19,2026-10-10,5,05:12,8800,200000205,경기70바5934,1,201000212,0,43,1
2026-10-10 05:13:21,2026-10-10,5,05:13,8800,200000205,경기70바5934,2,277102455,2,43,1
2026-10-10 05:14:23,2026-10-10,5,05:14,8800,200000205,경기70바5934,3,201000192,1,43,1
2026-10-10 05:15:25,2026-10-10,5,05:15,8800,200000205,경기70바5934,4,201000118,1,41,1
2026-10-10 05:16:27,2026-10-10,5,05:16,8800,200000205,경기70바5934,4,201000118,0,38,1
2026-10-10 05:19:50,2026-10-10,5,05:19,8800,200000205,경기70바5934,5,201000210,2,34,1
2026-10-10 05:20:52,2026-10-10,5,05:20,8800,200000205,경기70바5934,6,203000163,0,34,1
2026-10-10 05:21:54,2026-10-10,5,05:21,8800,200000205,경기70바5934,8,203000063,1,32,1
2026-10-10 05:21:54,2026-10-10,5,05:21,3007,200000110,경기70바3692,1,201000212,0,47,1
2026-10-10 05:21:54,2026-10-10,5,05:21,7001,200000119,경기70바6086,1,201000212,0,44,1
2026-10-10 05:22:56,2026-10-10,5,05:22,8800,200000205,경기70바5934,8,203000063,2,30,1
2026-10-10 05:22:56,2026-10-10,5,05:22,3007,200000110,경기70바3692,1,201000212,0,47,1
2026-10-10 05:22:56,2026-10-10,5,05:22,7001,200000119,경기70바6086,1,201000212,0,44,1
2026-10-10 05:23:58,2026-10-10,5,05:23,8800,200000205,경기70바6082,1,201000212,0,41,1
2026-10-10 05:23:58,2026-10-10,5,05:23,8800,200000205,경기70바5934,8,203000063,2,30,1
2026-10-10 05:23:58,2026-10-10,5,05:23,3007,200000110,경기70바3692,1,201000212,0,47,1
2026-10-10 05:23:58,2026-10-10,5,05:23,7001,200000119,경기70바6086,1,201000212,0,44,1
2026-10-10 05:25:00,2026-10-10,5,05:25,8800,200000205,경기70바6082,1,201000212,0,41,1
2026-10-10 05:25:00,2026-10-10,5,05:25,8800,200000205,경기70바5934,8,203000063,0,30,1
2026-10-10 05:25:00,2026-10-10,5,05:25,3007,200000110,경기70바3692,2,277102455,2,47,1
2026-10-10 05:25:00,2026-10-10,5,05:25,7001,200000119,경기70바6086,2,277102455,2,44,1
2026-10-10 05:26:03,2026-10-10,5,05:26,8800,200000205,경기70바6082,1,201000212,0,41,1
2026-10-10 05:26:03,2026-10-10,5,05:26,8800,200000205,경기70바5934,9,203000068,2,29,1
2026-10-10 05:26:03,2026-10-10,5,05:26,3007,200000110,경기70바3692,3,201000192,0,47,1
2026-10-10 05:26:03,2026-10-10,5,05:26,7001,200000119,경기70바6086,3,201000192,0,44,1
2026-10-10 05:27:05,2026-10-10,5,05:27,8800,200000205,경기70바6082,1,201000212,0,41,1
2026-10-10 05:27:05,2026-10-10,5,05:27,8800,200000205,경기70바5934,9,203000068,0,29,1
2026-10-10 05:27:05,2026-10-10,5,05:27,3007,200000110,경기70바3692,4,201000118,1,47,1
2026-10-10 05:27:05,2026-10-10,5,05:27,7001,200000119,경기70바6086,4,201000118,0,44,1
2026-10-10 05:28:09,2026-10-10,5,05:28,8800,200000205,경기70바6082,3,201000192,1,41,1
2026-10-10 05:28:09,2026-10-10,5,05:28,8800,200000205,경기70바5934,10,203000066,1,29,1
2026-10-10 05:28:09,2026-10-10,5,05:28,3007,200000110,경기70바3692,4,201000118,0,46,1
2026-10-10 05:28:09,2026-10-10,5,05:28,7001,200000119,경기70바6086,5,201000211,0,44,1
2026-10-10 05:29:11,2026-10-10,5,05:29,8800,200000205,경기70바6082,3,201000192,0,41,1
2026-10-10 05:29:11,2026-10-10,5,05:29,8800,200000205,경기70바5934,10,203000066,2,27,1
2026-10-10 05:29:11,2026-10-10,5,05:29,3007,200000110,경기70바3692,4,201000118,0,46,1
2026-10-10 05:29:11,2026-10-10,5,05:29,7001,200000119,경기70바6086,6,201000210,0,44,1
2026-10-10 05:30:13,2026-10-10,5,05:30,8800,200000205,경기70바6082,4,201000118,0,41,1
2026-10-10 05:30:13,2026-10-10,5,05:30,8800,200000205,경기70바5934,10,203000066,0,27,1
2026-10-10 05:30:13,2026-10-10,5,05:30,3007,200000110,경기70바3692,5,201000211,1,46,1
2026-10-10 05:30:13,2026-10-10,5,05:30,7001,200000119,경기70바6086,9,203000162,1,44,1
2026-10-10 05:31:15,2026-10-10,5,05:31,8800,200000205,경기70바6082,4,201000118,0,41,1
2026-10-10 05:31:15,2026-10-10,5,05:31,8800,200000205,경기70바5934,11,202000037,1,27,1
2026-10-10 05:31:15,2026-10-10,5,05:31,3007,200000110,경기70바3692,5,201000211,0,44,1
2026-10-10 05:31:15,2026-10-10,5,05:31,7001,200000119,경기70바6086,10,203000161,2,43,1
2026-10-10 05:32:16,2026-10-10,5,05:32,8800,200000205,경기70바6082,5,201000210,0,41,1
2026-10-10 05:32:16,2026-10-10,5,05:32,8800,200000205,경기70바5934,11,202000037,0,23,1
2026-10-10 05:32:16,2026-10-10,5,05:32,3007,200000110,경기70바3692,7,203000164,2,43,1
2026-10-10 05:32:16,2026-10-10,5,05:32,7001,200000119,경기70바6086,10,203000161,2,43,1
2026-10-10 05:33:18,2026-10-10,5,05:33,8800,200000205,경기70바6082,7,203000162,2,41,1
2026-10-10 05:33:18,2026-10-10,5,05:33,8800,200000205,경기70바5934,12,202000053,1,20,1
2026-10-10 05:33:18,2026-10-10,5,05:33,3007,200000110,경기70바5700,1,201000212,0,48,1
2026-10-10 05:33:18,2026-10-10,5,05:33,3007,200000110,경기70바3692,9,203000162,1,43,1
2026-10-10 05:33:18,2026-10-10,5,05:33,7001,200000119,경기70바6086,11,203000063,2,42,1
2026-10-10 05:34:20,2026-10-10,5,05:34,8800,200000205,경기70바6082,8,203000063,0,41,1
2026-10-10 05:34:20,2026-10-10,5,05:34,8800,200000205,경기70바5934,12,202000053,0,20,1
2026-10-10 05:34:20,2026-10-10,5,05:34,3007,200000110,경기70바5700,1,201000212,0,48,1
2026-10-10 05:34:20,2026-10-10,5,05:34,3007,200000110,경기70바3692,11,203000063,2,41,1
2026-10-10 05:34:20,2026-10-10,5,05:34,7001,200000119,경기70바6086,12,203000160,0,41,1
2026-10-10 05:35:21,2026-10-10,5,05:35,8800,200000205,경기70바6082,9,203000068,0,41,1
2026-10-10 05:35:21,2026-10-10,5,05:35,8800,200000205,경기70바5934,13,203000166,2,20,1
2026-10-10 05:35:21,2026-10-10,5,05:35,3007,200000110,경기70바5700,1,201000212,0,48,1
2026-10-10 05:35:21,2026-10-10,5,05:35,3007,200000110,경기70바3692,12,203000160,2,39,1
2026-10-10 05:35:21,2026-10-10,5,05:35,7001,200000119,경기70바6086,12,203000160,0,41,1
2026-10-10 05:36:23,2026-10-10,5,05:36,8800,200000205,경기70바6082,9,203000068,0,41,1
2026-10-10 05:36:23,2026-10-10,5,05:36,8800,200000205,경기70바5934,13,203000166,0,20,1
2026-10-10 05:36:23,2026-10-10,5,05:36,3007,200000110,경기70바5700,1,201000212,0,48,1
2026-10-10 05:36:23,2026-10-10,5,05:36,3007,200000110,경기70바3692,12,203000160,2,39,1
2026-10-10 05:36:23,2026-10-10,5,05:36,7001,200000119,경기70바6086,13,203000068,1,41,1
2026-10-10 05:37:25,2026-10-10,5,05:37,8800,200000205,경기70바5912,1,201000212,0,44,1
2026-10-10 05:37:25,2026-10-10,5,05:37,8800,200000205,경기70바6082,10,203000066,0,41,1
2026-10-10 05:37:25,2026-10-10,5,05:37,8800,200000205,경기70바5934,14,277103382,0,20,1
2026-10-10 05:37:25,2026-10-10,5,05:37,3007,200000110,경기70바5700,3,201000192,1,48,1
2026-10-10 05:37:25,2026-10-10,5,05:37,3007,200000110,경기70바3692,12,203000160,0,39,1
2026-10-10 05:37:25,2026-10-10,5,05:37,7001,200000119,경기70바6086,15,203000066,1,40,1
2026-10-10 05:38:26,2026-10-10,5,05:38,8800,200000205,경기70바5912,1,201000212,0,44,1
2026-10-10 05:38:26,2026-10-10,5,05:38,8800,200000205,경기70바6082,11,202000037,2,41,1
2026-10-10 05:38:26,2026-10-10,5,05:38,8800,200000205,경기70바5934,14,277103382,0,20,1
2026-10-10 05:38:26,2026-10-10,5,05:38,3007,200000110,경기70바5700,3,201000192,1,48,1
2026-10-10 05:38:26,2026-10-10,5,05:38,3007,200000110,경기70바3692,13,203000068,0,38,1
2026-10-10 05:38:26,2026-10-10,5,05:38,7001,200000119,경기70바5776,1,201000212,0,45,1
2026-10-10 05:38:26,2026-10-10,5,05:38,7001,200000119,경기70바6086,15,203000066,2,39,1
2026-10-10 05:40:39,2026-10-10,5,05:40,8800,200000205,경기70바5912,3,201000192,0,43,1
2026-10-10 05:40:39,2026-10-10,5,05:40,8800,200000205,경기70바6082,12,202000053,0,41,1
2026-10-10 05:40:39,2026-10-10,5,05:40,8800,200000205,경기70바5934,16,277103231,0,20,1
2026-10-10 05:40:39,2026-10-10,5,05:40,3007,200000110,경기70바5700,3,201000192,0,48,1
2026-10-10 05:40:39,2026-10-10,5,05:40,3007,200000110,경기70바3692,15,203000066,2,34,1
2026-10-10 05:40:39,2026-10-10,5,05:40,7001,200000119,경기70바5776,1,201000212,0,45,1
2026-10-10 05:40:39,2026-10-10,5,05:40,7001,200000119,경기70바6086,17,202000037,1,38,1
2026-10-10 05:41:41,2026-10-10,5,05:41,8800,200000205,경기70바5912,4,201000118,1,43,1
2026-10-10 05:41:41,2026-10-10,5,05:41,8800,200000205,경기70바6082,12,202000053,0,41,1
2026-10-10 05:41:41,2026-10-10,5,05:41,8800,200000205,경기70바5934,16,277103231,0,20,1
2026-10-10 05:41:41,2026-10-10,5,05:41,3007,200000110,경기70바5700,4,201000118,0,46,1
2026-10-10 05:41:41,2026-10-10,5,05:41,3007,200000110,경기70바3692,16,202000038,1,34,1
2026-10-10 05:41:41,2026-10-10,5,05:41,7001,200000119,경기70바5776,3,201000192,1,45,1
2026-10-10 05:41:41,2026-10-10,5,05:41,7001,200000119,경기70바6086,18,202000036,2,37,1
2026-10-10 05:42:50,2026-10-10,5,05:42,8800,200000205,경기70바5912,4,201000118,1,43,1
2026-10-10 05:42:50,2026-10-10,5,05:42,8800,200000205,경기70바6082,12,202000053,0,41,1
2026-10-10 05:42:50,2026-10-10,5,05:42,8800,200000205,경기70바5934,16,277103231,0,20,1
2026-10-10 05:42:50,2026-10-10,5,05:42,3007,200000110,경기70바5700,4,201000118,0,46,1
2026-10-10 05:42:50,2026-10-10,5,05:42,3007,200000110,경기70바3692,17,202000037,1,34,1
2026-10-10 05:42:50,2026-10-10,5,05:42,7001,200000119,경기70바5776,3,201000192,0,44,1
2026-10-10 05:42:50,2026-10-10,5,05:42,7001,200000119,경기70바6086,19,202000053,1,37,1
2026-10-10 05:43:52,2026-10-10,5,05:43,8800,200000205,경기70바5912,4,201000118,0,42,1
2026-10-10 05:43:52,2026-10-10,5,05:43,8800,200000205,경기70바6082,12,202000053,0,41,1
2026-10-10 05:43:52,2026-10-10,5,05:43,8800,200000205,경기70바5934,16,277103231,0,20,1
2026-10-10 05:43:52,2026-10-10,5,05:43,3007,200000110,경기70바5700,4,201000118,0,46,1
2026-10-10 05:43:52,2026-10-10,5,05:43,3007,200000110,경기70바3692,18,202000036,1,34,1
2026-10-10 05:43:52,2026-10-10,5,05:43,7001,200000119,경기70바5776,4,201000118,1,44,1
2026-10-10 05:43:52,2026-10-10,5,05:43,7001,200000119,경기70바6086,19,202000053,0,36,1
2026-10-10 05:44:54,2026-10-10,5,05:44,8800,200000205,경기70바5912,4,201000118,0,42,1
2026-10-10 05:44:54,2026-10-10,5,05:44,8800,200000205,경기70바6082,12,202000053,0,41,1
2026-10-10 05:44:54,2026-10-10,5,05:44,8800,200000205,경기70바5934,17,277103443,2,20,1
2026-10-10 05:44:54,2026-10-10,5,05:44,3007,200000110,경기70바5703,1,201000212,0,47,1
2026-10-10 05:44:54,2026-10-10,5,05:44,3007,200000110,경기70바5700,5,201000211,2,45,1
2026-10-10 05:44:54,2026-10-10,5,05:44,3007,200000110,경기70바3692,18,202000036,0,33,1
2026-10-10 05:44:54,2026-10-10,5,05:44,7001,200000119,경기70바5776,4,201000118,0,43,1
2026-10-10 05:44:54,2026-10-10,5,05:44,7001,200000119,경기70바6086,20,203000167,1,36,1
2026-10-10 05:45:56,2026-10-10,5,05:45,8800,200000205,경기70바5912,4,201000118,0,42,1
2026-10-10 05:45:56,2026-10-10,5,05:45,8800,200000205,경기70바6082,13,203000166,1,41,1
2026-10-10 05:45:56,2026-10-10,5,05:45,8800,200000205,경기70바5934,18,277102630,2,20,1
2026-10-10 05:45:56,2026-10-10,5,05:45,3007,200000110,경기70바5703,1,201000212,0,47,1
2026-10-10 05:45:56,2026-10-10,5,05:45,3007,200000110,경기70바5700,5,201000211,2,45,1
2026-10-10 05:45:56,2026-10-10,5,05:45,3007,200000110,경기70바3692,19,202000053,2,32,1
2026-10-10 05:45:56,2026-10-10,5,05:45,7001,200000119,경기70바5776,4,201000118,0,43,1
2026-10-10 05:45:56,2026-10-10,5,05:45,7001,200000119,경기70바6086,20,203000167,0,35,1
2026-10-10 05:46:57,2026-10-10,5,05:46,8800,200000205,경기70바5912,5,201000210,2,42,1
2026-10-10 05:46:57,2026-10-10,5,05:46,8800,200000205,경기70바6082,13,203000166,0,41,1
2026-10-10 05:46:57,2026-10-10,5,05:46,8800,200000205,경기70바5934,19,277103386,2,20,1
2026-10-10 05:46:57,2026-10-10,5,05:46,3007,200000110,경기70바5703,1,201000212,0,47,1
2026-10-10 05:46:57,2026-10-10,5,05:46,3007,200000110,경기70바5700,7,203000164,2,45,1
2026-10-10 05:46:57,2026-10-10,5,05:46,3007,200000110,경기70바3692,19,202000053,0,32,1
2026-10-10 05:46:57,2026-10-10,5,05:46,7001,200000119,경기70바5776,5,201000211,0,43,1
2026-10-10 05:46:57,2026-10-10,5,05:46,7001,200000119,경기70바6086,21,203000166,1,35,1
2026-10-10 05:49:10,2026-10-10,5,05:49,8800,200000205,경기70바5912,6,203000163,2,42,1
2026-10-10 05:49:10,2026-10-10,5,05:49,8800,200000205,경기70바6082,14,277103382,0,41,1
2026-10-10 05:49:10,2026-10-10,5,05:49,8800,200000205,경기70바5934,19,277103386,0,20,1
2026-10-10 05:49:10,2026-10-10,5,05:49,3007,200000110,경기70바5703,2,277102455,0,47,1
2026-10-10 05:49:10,2026-10-10,5,05:49,3007,200000110,경기70바5700,10,203000161,2,44,1
2026-10-10 05:49:10,2026-10-10,5,05:49,3007,200000110,경기70바3692,21,203000166,2,32,1
2026-10-10 05:49:10,2026-10-10,5,05:49,7001,200000119,경기70바5776,6,201000210,2,43,1
2026-10-10 05:49:10,2026-10-10,5,05:49,7001,200000119,경기70바6086,22,277103382,0,35,1
2026-10-10 05:50:12,2026-10-10,5,05:50,8800,200000205,경기70바5513,1,201000212,0,44,1
2026-10-10 05:50:12,2026-10-10,5,05:50,8800,200000205,경기70바5912,6,203000163,0,42,1
2026-10-10 05:50:12,2026-10-10,5,05:50,8800,200000205,경기70바6082,15,277103691,2,41,1
2026-10-10 05:50:12,2026-10-10,5,05:50,8800,200000205,경기70바5934,21,277103679,2,20,1
2026-10-10 05:50:12,2026-10-10,5,05:50,3007,200000110,경기70바5703,4,201000118,1,46,1
2026-10-10 05:50:12,2026-10-10,5,05:50,3007,200000110,경기70바5700,12,203000160,2,43,1
2026-10-10 05:50:12,2026-10-10,5,05:50,3007,200000110,경기70바3692,22,277103382,0,32,1
2026-10-10 05:50:12,2026-10-10,5,05:50,7001,200000119,경기70바5776,7,203000164,0,43,1
2026-10-10 05:50:12,2026-10-10,5,05:50,7001,200000119,경기70바6086,23,277103227,0,35,1
2026-10-10 05:51:14,2026-10-10,5,05:51,8800,200000205,경기70바5513,1,201000212,0,44,1
2026-10-10 05:51:14,2026-10-10,5,05:51,8800,200000205,경기70바5912,7,203000162,0,42,1
2026-10-10 05:51:14,2026-10-10,5,05:51,8800,200000205,경기70바6082,16,277103231,0,41,1
2026-10-10 05:51:14,2026-10-10,5,05:51,8800,200000205,경기70바5934,21,277103679,0,20,1
2026-10-10 05:51:14,2026-10-10,5,05:51,3007,200000110,경기70바5703,5,201000211,1,46,1
2026-10-10 05:51:14,2026-10-10,5,05:51,3007,200000110,경기70바5700,12,203000160,2,43,1
2026-10-10 05:51:14,2026-10-10,5,05:51,3007,200000110,경기70바3692,22,277103382,0,32,1
2026-10-10 05:51:14,2026-10-10,5,05:51,7001,200000119,경기70바5777,1,201000212,0,45,1
2026-10-10 05:51:14,2026-10-10,5,05:51,7001,200000119,경기70바5776,10,203000161,1,43,1
2026-10-10 05:51:14,2026-10-10,5,05:51,7001,200000119,경기70바6086,23,277103227,0,35,1
2026-10-10 05:52:16,2026-10-10,5,05:52,8800,200000205,경기70바5513,1,201000212,0,44,1
2026-10-10 05:52:16,2026-10-10,5,05:52,8800,200000205,경기70바5912,8,203000063,1,42,1
2026-10-10 05:52:16,2026-10-10,5,05:52,8800,200000205,경기70바6082,16,277103231,0,41,1
2026-10-10 05:52:16,2026-10-10,5,05:52,8800,200000205,경기70바5934,21,277103679,0,20,1
2026-10-10 05:52:16,2026-10-10,5,05:52,3007,200000110,경기70바5703,5,201000211,2,46,1
2026-10-10 05:52:16,2026-10-10,5,05:52,3007,200000110,경기70바5700,12,203000160,2,43,1
2026-10-10 05:52:16,2026-10-10,5,05:52,3007,200000110,경기70바3692,22,277103382,0,32,1
2026-10-10 05:52:16,2026-10-10,5,05:52,7001,200000119,경기70바5777,1,201000212,0,45,1
2026-10-10 05:52:16,2026-10-10,5,05:52,7001,200000119,경기70바5776,10,203000161,0,43,1
2026-10-10 05:52:16,2026-10-10,5,05:52,7001,200000119,경기70바6086,23,277103227,0,35,1
2026-10-10 05:53:18,2026-10-10,5,05:53,8800,200000205,경기70바5513,1,201000212,0,44,1
2026-10-10 05:53:18,2026-10-10,5,05:53,8800,200000205,경기70바5912,8,203000063,0,41,1
2026-10-10 05:53:18,2026-10-10,5,05:53,8800,200000205,경기70바6082,16,277103231,0,41,1
2026-10-10 05:53:18,2026-10-10,5,05:53,8800,200000205,경기70바5934,22,277103441,2,20,1
2026-10-10 05:53:18,2026-10-10,5,05:53,3007,200000110,경기70바5703,5,201000211,0,46,1
2026-10-10 05:53:18,2026-10-10,5,05:53,3007,200000110,경기70바5700,13,203000068,2,43,1
2026-10-10 05:53:18,2026-10-10,5,05:53,3007,200000110,경기70바3692,23,277103691,2,32,1
2026-10-10 05:53:18,2026-10-10,5,05:53,7001,200000119,경기70바5777,1,201000212,0,45,1
2026-10-10 05:53:18,2026-10-10,5,05:53,7001,200000119,경기70바5776,12,203000160,1,42,1
2026-10-10 05:53:18,2026-10-10,5,05:53,7001,200000119,경기70바6086,23,277103227,0,35,1
2026-10-10 05:54:19,2026-10-10,5,05:54,8800,200000205,경기70바5513,3,201000192,1,44,1
2026-10-10 05:54:19,2026-10-10,5,05:54,8800,200000205,경기70바5912,8,203000063,0,41,1
2026-10-10 05:54:19,2026-10-10,5,05:54,8800,200000205,경기70바6082,16,277103231,0,41,1
2026-10-10 05:54:19,2026-10-10,5,05:54,8800,200000205,경기70바5934,23,277104177,0,20,1
2026-10-10 05:54:19,2026-10-10,5,05:54,3007,200000110,경기70바5703,7,203000164,0,46,1
2026-10-10 05:54:19,2026-10-10,5,05:54,3007,200000110,경기70바5700,13,203000068,0,43,1
2026-10-10 05:54:19,2026-10-10,5,05:54,3007,200000110,경기70바3692,23,277103691,0,32,1
2026-10-10 05:54:19,2026-10-10,5,05:54,7001,200000119,경기70바5777,1,201000212,0,45,1
2026-10-10 05:54:19,2026-10-10,5,05:54,7001,200000119,경기70바5776,12,203000160,2,42,1
2026-10-10 05:54:19,2026-10-10,5,05:54,7001,200000119,경기70바6086,23,277103227,0,35,1
2026-10-10 05:55:22,2026-10-10,5,05:55,8800,200000205,경기70바5513,3,201000192,0,44,1
2026-10-10 05:55:22,2026-10-10,5,05:55,8800,200000205,경기70바5912,8,203000063,0,41,1
2026-10-10 05:55:22,2026-10-10,5,05:55,8800,200000205,경기70바6082,17,277103443,2,41,1
2026-10-10 05:55:22,2026-10-10,5,05:55,8800,200000205,경기70바5934,24,277103388,0,20,1
2026-10-10 05:55:22,2026-10-10,5,05:55,3007,200000110,경기70바5703,8,203000163,2,46,1
2026-10-10 05:55:22,2026-10-10,5,05:55,3007,200000110,경기70바5700,15,203000066,0,42,1
2026-10-10 05:55:22,2026-10-10,5,05:55,3007,200000110,경기70바3692,24,277103231,0,32,1
2026-10-10 05:55:22,2026-10-10,5,05:55,7001,200000119,경기70바5777,2,277102455,0,45,1
2026-10-10 05:55:22,2026-10-10,5,05:55,7001,200000119,경기70바5776,12,203000160,0,42,1
2026-10-10 05:55:22,2026-10-10,5,05:55,7001,200000119,경기70바6086,25,277104642,0,35,1
2026-10-10 05:56:23,2026-10-10,5,05:56,8800,200000205,경기70바5513,4,201000118,2,42,1
2026-10-10 05:56:23,2026-10-10,5,05:56,8800,200000205,경기70바5912,9,203000068,0,40,1
2026-10-10 05:56:23,2026-10-10,5,05:56,8800,200000205,경기70바6082,18,277102630,2,41,1
2026-10-10 05:56:23,2026-10-10,5,05:56,8800,200000205,경기70바5934,25,277103390,0,20,1
2026-10-10 05:56:23,2026-10-10,5,05:56,3007,200000110,경기70바5703,8,203000163,0,46,1
2026-10-10 05:56:23,2026-10-10,5,05:56,3007,200000110,경기70바5700,16,202000038,0,42,1
2026-10-10 05:56:23,2026-10-10,5,05:56,3007,200000110,경기70바3692,24,277103231,0,32,1
2026-10-10 05:56:23,2026-10-10,5,05:56,7001,200000119,경기70바5777,3,201000192,1,45,1
2026-10-10 05:56:23,2026-10-10,5,05:56,7001,200000119,경기70바5776,12,203000160,0,42,1
2026-10-10 05:56:23,2026-10-10,5,05:56,7001,200000119,경기70바6086,25,277104642,0,35,1
2026-10-10 05:57:25,2026-10-10,5,05:57,8800,200000205,경기70바5513,4,201000118,0,42,1
2026-10-10 05:57:25,2026-10-10,5,05:57,8800,200000205,경기70바5912,10,203000066,1,40,1
2026-10-10 05:57:25,2026-10-10,5,05:57,8800,200000205,경기70바6082,19,277103386,2,41,1
2026-10-10 05:57:25,2026-10-10,5,05:57,8800,200000205,경기70바5934,25,277103390,0,20,1
2026-10-10 05:57:25,2026-10-10,5,05:57,3007,200000110,경기70바5763,1,201000212,0,41,1
2026-10-10 05:57:25,2026-10-10,5,05:57,3007,200000110,경기70바5703,11,203000063,1,46,1
2026-10-10 05:57:25,2026-10-10,5,05:57,3007,200000110,경기70바5700,18,202000036,2,42,1
2026-10-10 05:57:25,2026-10-10,5,05:57,3007,200000110,경기70바3692,25,277103443,0,32,1
2026-10-10 05:57:25,2026-10-10,5,05:57,7001,200000119,경기70바5777,3,201000192,1,45,1
2026-10-10 05:57:25,2026-10-10,5,05:57,7001,200000119,경기70바5776,14,203000067,1,42,1
2026-10-10 05:57:25,2026-10-10,5,05:57,7001,200000119,경기70바6086,25,277104642,0,35,1
2026-10-10 05:58:26,2026-10-10,5,05:58,8800,200000205,경기70바5513,4,201000118,0,42,1
2026-10-10 05:58:26,2026-10-10,5,05:58,8800,200000205,경기70바5912,10,203000066,1,40,1
2026-10-10 05:58:26,2026-10-10,5,05:58,8800,200000205,경기70바6082,19,277103386,2,41,1
2026-10-10 05:58:26,2026-10-10,5,05:58,8800,200000205,경기70바5934,26,277103391,1,20,1
2026-10-10 05:58:26,2026-10-10,5,05:58,3007,200000110,경기70바5763,1,201000212,0,41,1
2026-10-10 05:58:26,2026-10-10,5,05:58,3007,200000110,경기70바5703,11,203000063,1,46,1
2026-10-10 05:58:26,2026-10-10,5,05:58,3007,200000110,경기70바5700,18,202000036,2,42,1
2026-10-10 05:58:26,2026-10-10,5,05:58,3007,200000110,경기70바3692,25,277103443,0,32,1
2026-10-10 05:58:26,2026-10-10,5,05:58,7001,200000119,경기70바5777,3,201000192,2,44,1
2026-10-10 05:58:26,2026-10-10,5,05:58,7001,200000119,경기70바5776,14,203000067,1,42,1
2026-10-10 05:58:26,2026-10-10,5,05:58,7001,200000119,경기70바6086,25,277104642,0,35,1
2026-10-10 05:59:28,2026-10-10,5,05:59,8800,200000205,경기70바5513,5,201000210,0,42,1
2026-10-10 05:59:28,2026-10-10,5,05:59,8800,200000205,경기70바5912,10,203000066,2,37,1
2026-10-10 05:59:28,2026-10-10,5,05:59,8800,200000205,경기70바6082,20,277103151,0,41,1
2026-10-10 05:59:28,2026-10-10,5,05:59,8800,200000205,경기70바5934,27,277103400,2,20,1
2026-10-10 05:59:28,2026-10-10,5,05:59,3007,200000110,경기70바5763,1,201000212,0,41,1
2026-10-10 05:59:28,2026-10-10,5,05:59,3007,200000110,경기70바5703,12,203000160,0,45,1
2026-10-10 05:59:28,2026-10-10,5,05:59,3007,200000110,경기70바5700,20,203000167,1,41,1
2026-10-10 05:59:28,2026-10-10,5,05:59,3007,200000110,경기70바3692,26,277102630,2,32,1
2026-10-10 05:59:28,2026-10-10,5,05:59,7001,200000119,경기70바5777,3,201000192,0,44,1
2026-10-10 05:59:28,2026-10-10,5,05:59,7001,200000119,경기70바5776,15,203000066,2,41,1
2026-10-10 05:59:28,2026-10-10,5,05:59,7001,200000119,경기70바6086,27,277103221,1,35,1
2026-10-10 06:00:30,2026-10-10,5,06:00,8800,200000205,경기70바5513,7,203000162,2,40,1
2026-10-10 06:00:30,2026-10-10,5,06:00,8800,200000205,경기70바5912,10,203000066,0,37,1
2026-10-10 06:00:30,2026-10-10,5,06:00,8800,200000205,경기70바6082,20,277103151,0,41,1
2026-10-10 06:00:30,2026-10-10,5,06:00,8800,200000205,경기70바5934,27,277103400,2,20,1
2026-10-10 06:00:30,2026-10-10,5,06:00,3007,200000110,경기70바5763,3,201000192,2,41,1
2026-10-10 06:00:30,2026-10-10,5,06:00,3007,200000110,경기70바5703,12,203000160,0,45,1
2026-10-10 06:00:30,2026-10-10,5,06:00,3007,200000110,경기70바5700,20,203000167,1,41,1
2026-10-10 06:00:30,2026-10-10,5,06:00,3007,200000110,경기70바3692,27,277103386,2,32,1
2026-10-10 06:00:30,2026-10-10,5,06:00,7001,200000119,경기70바5777,5,201000211,2,44,1
2026-10-10 06:00:30,2026-10-10,5,06:00,7001,200000119,경기70바5776,16,202000038,1,41,1
2026-10-10 06:00:30,2026-10-10,5,06:00,7001,200000119,경기70바6086,27,277103221,0,35,1
2026-10-10 06:01:33,2026-10-10,5,06:01,8800,200000205,경기70바5513,8,203000063,0,40,1
2026-10-10 06:01:33,2026-10-10,5,06:01,8800,200000205,경기70바5912,11,202000037,1,37,1
2026-10-10 06:01:33,2026-10-10,5,06:01,8800,200000205,경기70바6082,21,277103679,0,41,1
2026-10-10 06:01:33,2026-10-10,5,06:01,8800,200000205,경기70바5934,28,102000069,1,20,1
2026-10-10 06:01:33,2026-10-10,5,06:01,3007,200000110,경기70바5763,3,201000192,0,41,1
2026-10-10 06:01:33,2026-10-10,5,06:01,3007,200000110,경기70바5703,13,203000068,1,45,1
2026-10-10 06:01:33,2026-10-10,5,06:01,3007,200000110,경기70바5700,20,203000167,0,41,1
2026-10-10 06:01:33,2026-10-10,5,06:01,3007,200000110,경기70바3692,27,277103386,2,32,1
2026-10-10 06:01:33,2026-10-10,5,06:01,7001,200000119,경기70바5777,6,201000210,0,44,1
2026-10-10 06:01:33,2026-10-10,5,06:01,7001,200000119,경기70바5776,16,202000038,0,41,1
2026-10-10 06:01:33,2026-10-10,5,06:01,7001,200000119,경기70바6086,27,277103221,0,35,1
2026-10-10 06:02:36,2026-10-10,5,06:02,8800,200000205,경기70바5485,1,201000212,0,44,1
2026-10-10 06:02:36,2026-10-10,5,06:02,8800,200000205,경기70바5513,8,203000063,0,40,1
2026-10-10 06:02:36,2026-10-10,5,06:02,8800,200000205,경기70바5912,11,202000037,0,36,1
2026-10-10 06:02:36,2026-10-10,5,06:02,8800,200000205,경기70바6082,22,277103441,2,41,1
2026-10-10 06:02:36,2026-10-10,5,06:02,8800,200000205,경기70바5934,28,102000069,0,24,1
2026-10-10 06:02:36,2026-10-10,5,06:02,3007,200000110,경기70바5763,4,201000118,0,41,1
2026-10-10 06:02:36,2026-10-10,5,06:02,3007,200000110,경기70바5703,13,203000068,0,44,1
2026-10-10 06:02:36,2026-10-10,5,06:02,3007,200000110,경기70바5700,21,203000166,2,41,1
2026-10-10 06:02:36,2026-10-10,5,06:02,3007,200000110,경기70바3692,28,277103151,0,32,1
2026-10-10 06:02:36,2026-10-10,5,06:02,7001,200000119,경기70바5777,8,203000163,1,44,1
2026-10-10 06:02:36,2026-10-10,5,06:02,7001,200000119,경기70바5776,18,202000036,2,40,1
2026-10-10 06:02:36,2026-10-10,5,06:02,7001,200000119,경기70바6086,28,277103159,0,35,1
2026-10-10 06:03:38,2026-10-10,5,06:03,8800,200000205,경기70바5485,1,201000212,0,44,1
2026-10-10 06:03:38,2026-10-10,5,06:03,8800,200000205,경기70바5513,8,203000063,0,40,1
2026-10-10 06:03:38,2026-10-10,5,06:03,8800,200000205,경기70바5912,11,202000037,0,36,1
2026-10-10 06:03:38,2026-10-10,5,06:03,8800,200000205,경기70바6082,23,277104177,2,41,1
2026-10-10 06:03:38,2026-10-10,5,06:03,8800,200000205,경기70바5934,29,277104180,0,24,1
2026-10-10 06:03:38,2026-10-10,5,06:03,3007,200000110,경기70바5763,5,201000211,2,40,1
2026-10-10 06:03:38,2026-10-10,5,06:03,3007,200000110,경기70바5703,14,203000067,2,44,1
2026-10-10 06:03:38,2026-10-10,5,06:03,3007,200000110,경기70바5700,21,203000166,0,41,1
2026-10-10 06:03:38,2026-10-10,5,06:03,3007,200000110,경기70바3692,28,277103151,0,32,1
2026-10-10 06:03:38,2026-10-10,5,06:03,7001,200000119,경기70바5777,9,203000162,2,44,1
2026-10-10 06:03:38,2026-10-10,5,06:03,7001,200000119,경기70바5776,18,202000036,2,40,1
2026-10-10 06:03:38,2026-10-10,5,06:03,7001,200000119,경기70바6086,29,277103200,2,35,1
2026-10-10 06:04:39,2026-10-10,5,06:04,8800,200000205,경기70바5485,1,201000212,0,44,1
2026-10-10 06:04:39,2026-10-10,5,06:04,8800,200000205,경기70바5513,9,203000068,1,40,1
2026-10-10 06:04:39,2026-10-10,5,06:04,8800,200000205,경기70바5912,12,202000053,1,32,1
2026-10-10 06:04:39,2026-10-10,5,06:04,8800,200000205,경기70바6082,24,277103388,0,41,1
2026-10-10 06:04:39,2026-10-10,5,06:04,8800,200000205,경기70바5934,29,277104180,0,24,1
2026-10-10 06:04:39,2026-10-10,5,06:04,3007,200000110,경기70바5763,6,201000210,1,40,1
2026-10-10 06:04:39,2026-10-10,5,06:04,3007,200000110,경기70바5703,15,203000066,0,43,1
2026-10-10 06:04:39,2026-10-10,5,06:04,3007,200000110,경기70바5700,22,277103382,0,41,1
2026-10-10 06:04:39,2026-10-10,5,06:04,3007,200000110,경기70바3692,28,277103151,0,32,1
2026-10-10 06:04:39,2026-10-10,5,06:04,7001,200000119,경기70바5777,12,203000160,1,44,1
2026-10-10 06:04:39,2026-10-10,5,06:04,7001,200000119,경기70바5776,18,202000036,0,40,1
2026-10-10 06:04:39,2026-10-10,5,06:04,7001,200000119,경기70바6086,29,277103200,0,35,1
2026-10-10 06:05:42,2026-10-10,5,06:05,8800,200000205,경기70바5485,3,201000192,1,44,1
2026-10-10 06:05:42,2026-10-10,5,06:05,8800,200000205,경기70바5513,9,203000068,0,40,1
2026-10-10 06:05:42,2026-10-10,5,06:05,8800,200000205,경기70바5912,12,202000053,0,32,1
2026-10-10 06:05:42,2026-10-10,5,06:05,8800,200000205,경기70바6082,24,277103388,0,41,1
2026-10-10 06:05:42,2026-10-10,5,06:05,8800,200000205,경기70바5934,30,277104186,0,24,1
2026-10-10 06:05:42,2026-10-10,5,06:05,3007,200000110,경기70바5763,7,203000164,0,40,1
2026-10-10 06:05:42,2026-10-10,5,06:05,3007,200000110,경기70바5703,16,202000038,2,43,1
2026-10-10 06:05:42,2026-10-10,5,06:05,3007,200000110,경기70바5700,23,277103691,1,41,1
2026-10-10 06:05:42,2026-10-10,5,06:05,3007,200000110,경기70바3692,29,277103441,1,-1,0
2026-10-10 06:05:42,2026-10-10,5,06:05,7001,200000119,경기70바5777,12,203000160,2,44,1
2026-10-10 06:05:42,2026-10-10,5,06:05,7001,200000119,경기70바5776,19,202000053,1,40,1
2026-10-10 06:05:42,2026-10-10,5,06:05,7001,200000119,경기70바6086,30,277103203,0,35,1
2026-10-10 06:06:44,2026-10-10,5,06:06,8800,200000205,경기70바5485,3,201000192,0,43,1
2026-10-10 06:06:44,2026-10-10,5,06:06,8800,200000205,경기70바5513,9,203000068,0,40,1
2026-10-10 06:06:44,2026-10-10,5,06:06,8800,200000205,경기70바5912,13,203000166,2,31,1
2026-10-10 06:06:44,2026-10-10,5,06:06,8800,200000205,경기70바6082,25,277103390,0,41,1
2026-10-10 06:06:44,2026-10-10,5,06:06,8800,200000205,경기70바5934,30,277104186,0,24,1
2026-10-10 06:06:44,2026-10-10,5,06:06,3007,200000110,경기70바5763,8,203000163,2,40,1
2026-10-10 06:06:44,2026-10-10,5,06:06,3007,200000110,경기70바5703,17,202000037,2,43,1
2026-10-10 06:06:44,2026-10-10,5,06:06,3007,200000110,경기70바5700,23,277103691,2,41,1
2026-10-10 06:06:44,2026-10-10,5,06:06,3007,200000110,경기70바3692,30,277104177,2,32,1
2026-10-10 06:06:44,2026-10-10,5,06:06,7001,200000119,경기70바5906,1,201000212,0,44,1
2026-10-10 06:06:44,2026-10-10,5,06:06,7001,200000119,경기70바5777,12,203000160,0,44,1
2026-10-10 06:06:44,2026-10-10,5,06:06,7001,200000119,경기70바5776,20,203000167,1,40,1
2026-10-10 06:06:44,2026-10-10,5,06:06,7001,200000119,경기70바6086,30,277103203,0,35,1
2026-10-10 06:07:45,2026-10-10,5,06:07,8800,200000205,경기70바5485,3,201000192,0,43,1
2026-10-10 06:07:45,2026-10-10,5,06:07,8800,200000205,경기70바5513,10,203000066,0,40,1
2026-10-10 06:07:45,2026-10-10,5,06:07,8800,200000205,경기70바5912,13,203000166,2,31,1
2026-10-10 06:07:45,2026-10-10,5,06:07,8800,200000205,경기70바6082,25,277103390,0,41,1
2026-10-10 06:07:45,2026-10-10,5,06:07,8800,200000205,경기70바5934,31,101000002,2,35,1
2026-10-10 06:07:45,2026-10-10,5,06:07,3007,200000110,경기70바5763,8,203000163,2,40,1
2026-10-10 06:07:45,2026-10-10,5,06:07,3007,200000110,경기70바5703,18,202000036,2,43,1
2026-10-10 06:07:45,2026-10-10,5,06:07,3007,200000110,경기70바5700,24,277103231,0,41,1
2026-10-10 06:07:45,2026-10-10,5,06:07,3007,200000110,경기70바3692,30,277104177,0,32,1
2026-10-10 06:07:45,2026-10-10,5,06:07,7001,200000119,경기70바5906,1,201000212,0,44,1
2026-10-10 06:07:45,2026-10-10,5,06:07,7001,200000119,경기70바5777,13,203000068,1,44,1
2026-10-10 06:07:45,2026-10-10,5,06:07,7001,200000119,경기70바5776,20,203000167,0,40,1
2026-10-10 06:07:45,2026-10-10,5,06:07,7001,200000119,경기70바6086,31,277103205,0,35,1
2026-10-10 06:08:55,2026-10-10,5,06:08,8800,200000205,경기70바5485,4,201000118,0,43,1
2026-10-10 06:08:55,2026-10-10,5,06:08,8800,200000205,경기70바5513,10,203000066,0,40,1
2026-10-10 06:08:55,2026-10-10,5,06:08,8800,200000205,경기70바5912,14,277103382,0,31,1
2026-10-10 06:08:55,2026-10-10,5,06:08,8800,200000205,경기70바6082,26,277103391,2,41,1
2026-10-10 06:08:55,2026-10-10,5,06:08,8800,200000205,경기70바5934,31,101000002,2,35,1
2026-10-10 06:08:55,2026-10-10,5,06:08,3007,200000110,경기70바5928,1,201000212,2,44,1
2026-10-10 06:08:55,2026-10-10,5,06:08,3007,200000110,경기70바5763,9,203000162,1,40,1
2026-10-10 06:08:55,2026-10-10,5,06:08,3007,200000110,경기70바5703,18,202000036,0,43,1
2026-10-10 06:08:55,2026-10-10,5,06:08,3007,200000110,경기70바5700,24,277103231,0,41,1
2026-10-10 06:08:55,2026-10-10,5,06:08,3007,200000110,경기70바3692,31,277103725,2,32,1
2026-10-10 06:08:55,2026-10-10,5,06:08,7001,200000119,경기70바5906,3,201000192,0,44,1
2026-10-10 06:08:55,2026-10-10,5,06:08,7001,200000119,경기70바5777,13,203000068,0,44,1
2026-10-10 06:08:55,2026-10-10,5,06:08,7001,200000119,경기70바5776,21,203000166,0,40,1
2026-10-10 06:08:55,2026-10-10,5,06:08,7001,200000119,경기70바6086,32,220000020,0,35,1
2026-10-10 06:09:57,2026-10-10,5,06:09,8800,200000205,경기70바5485,4,201000118,0,43,1
2026-10-10 06:09:57,2026-10-10,5,06:09,8800,200000205,경기70바5513,11,202000037,2,39,1
2026-10-10 06:09:57,2026-10-10,5,06:09,8800,200000205,경기70바5912,14,277103382,0,31,1
2026-10-10 06:09:57,2026-10-10,5,06:09,8800,200000205,경기70바6082,27,277103400,2,41,1
2026-10-10 06:09:57,2026-10-10,5,06:09,8800,200000205,경기70바5934,31,101000002,0,35,1
2026-10-10 06:09:57,2026-10-10,5,06:09,3007,200000110,경기70바5928,1,201000212,0,44,1
2026-10-10 06:09:57,2026-10-10,5,06:09,3007,200000110,경기70바5763,11,203000063,2,39,1
2026-10-10 06:09:57,2026-10-10,5,06:09,3007,200000110,경기70바5703,18,202000036,0,43,1
2026-10-10 06:09:57,2026-10-10,5,06:09,3007,200000110,경기70바5700,24,277103231,0,41,1
2026-10-10 06:09:57,2026-10-10,5,06:09,3007,200000110,경기70바3692,31,277103725,0,32,1
2026-10-10 06:09:57,2026-10-10,5,06:09,7001,200000119,경기70바5906,3,201000192,0,44,1
2026-10-10 06:09:57,2026-10-10,5,06:09,7001,200000119,경기70바5777,15,203000066,1,44,1
2026-10-10 06:09:57,2026-10-10,5,06:09,7001,200000119,경기70바5776,22,277103382,0,40,1
2026-10-10 06:09:57,2026-10-10,5,06:09,7001,200000119,경기70바6086,32,220000020,0,35,1
2026-10-10 06:10:59,2026-10-10,5,06:10,8800,200000205,경기70바5485,5,201000210,0,42,1
2026-10-10 06:10:59,2026-10-10,5,06:10,8800,200000205,경기70바5513,11,202000037,0,39,1
2026-10-10 06:10:59,2026-10-10,5,06:10,8800,200000205,경기70바5912,15,277103691,2,31,1
2026-10-10 06:10:59,2026-10-10,5,06:10,8800,200000205,경기70바6082,27,277103400,2,41,1
2026-10-10 06:10:59,2026-10-10,5,06:10,8800,200000205,경기70바5934,33,101000303,1,35,1
2026-10-10 06:10:59,2026-10-10,5,06:10,3007,200000110,경기70바5928,3,201000192,1,44,1
2026-10-10 06:10:59,2026-10-10,5,06:10,3007,200000110,경기70바5763,12,203000160,2,35,1
2026-10-10 06:10:59,2026-10-10,5,06:10,3007,200000110,경기70바5703,19,202000053,2,42,1
2026-10-10 06:10:59,2026-10-10,5,06:10,3007,200000110,경기70바5700,25,277103443,0,41,1
2026-10-10 06:10:59,2026-10-10,5,06:10,3007,200000110,경기70바3692,31,277103725,0,32,1
2026-10-10 06:10:59,2026-10-10,5,06:10,7001,200000119,경기70바5906,4,201000118,0,44,1
2026-10-10 06:10:59,2026-10-10,5,06:10,7001,200000119,경기70바5777,15,203000066,2,44,1
2026-10-10 06:10:59,2026-10-10,5,06:10,7001,200000119,경기70바5776,23,277103227,0,40,1
2026-10-10 06:10:59,2026-10-10,5,06:10,7001,200000119,경기70바6086,32,220000020,0,35,1
2026-10-10 06:12:01,2026-10-10,5,06:12,8800,200000205,경기70바5485,7,203000162,1,42,1
2026-10-10 06:12:01,2026-10-10,5,06:12,8800,200000205,경기70바5513,11,202000037,0,39,1
2026-10-10 06:12:01,2026-10-10,5,06:12,8800,200000205,경기70바5912,15,277103691,2,31,1
2026-10-10 06:12:01,2026-10-10,5,06:12,8800,200000205,경기70바6082,28,102000069,1,41,1
2026-10-10 06:12:01,2026-10-10,5,06:12,8800,200000205,경기70바5934,33,101000303,0,39,1
2026-10-10 06:12:01,2026-10-10,5,06:12,3007,200000110,경기70바5928,4,201000118,1,44,1
2026-10-10 06:12:01,2026-10-10,5,06:12,3007,200000110,경기70바5763,12,203000160,0,35,1
2026-10-10 06:12:01,2026-10-10,5,06:12,3007,200000110,경기70바5703,20,203000167,0,42,1
2026-10-10 06:12:01,2026-10-10,5,06:12,3007,200000110,경기70바5700,26,277102630,2,41,1
2026-10-10 06:12:01,2026-10-10,5,06:12,3007,200000110,경기70바3692,32,121001343,0,32,1
2026-10-10 06:12:01,2026-10-10,5,06:12,7001,200000119,경기70바5906,5,201000211,1,44,1
2026-10-10 06:12:01,2026-10-10,5,06:12,7001,200000119,경기70바5777,15,203000066,2,44,1
2026-10-10 06:12:01,2026-10-10,5,06:12,7001,200000119,경기70바5776,23,277103227,0,40,1
2026-10-10 06:12:01,2026-10-10,5,06:12,7001,200000119,경기70바6086,33,120000671,2,36,1
2026-10-10 06:13:03,2026-10-10,5,06:13,8800,200000205,경기70바5485,8,203000063,2,41,1
2026-10-10 06:13:03,2026-10-10,5,06:13,8800,200000205,경기70바5513,11,202000037,0,39,1
2026-10-10 06:13:03,2026-10-10,5,06:13,8800,200000205,경기70바5912,16,277103231,0,31,1
2026-10-10 06:13:03,2026-10-10,5,06:13,8800,200000205,경기70바6082,29,277104180,0,41,1
2026-10-10 06:13:03,2026-10-10,5,06:13,8800,200000205,경기70바5934,34,277104283,2,39,1
2026-10-10 06:13:03,2026-10-10,5,06:13,3007,200000110,경기70바5928,4,201000118,2,43,1
2026-10-10 06:13:03,2026-10-10,5,06:13,3007,200000110,경기70바5763,12,203000160,0,35,1
2026-10-10 06:13:03,2026-10-10,5,06:13,3007,200000110,경기70바5703,21,203000166,1,42,1
2026-10-10 06:13:03,2026-10-10,5,06:13,3007,200000110,경기70바5700,27,277103386,2,41,1
2026-10-10 06:13:03,2026-10-10,5,06:13,3007,200000110,경기70바3692,33,121000004,1,32,1
2026-10-10 06:13:03,2026-10-10,5,06:13,7001,200000119,경기70바5906,5,201000211,2,43,1
2026-10-10 06:13:03,2026-10-10,5,06:13,7001,200000119,경기70바5777,16,202000038,1,44,1
2026-10-10 06:13:03,2026-10-10,5,06:13,7001,200000119,경기70바5776,23,277103227,0,40,1
2026-10-10 06:13:03,2026-10-10,5,06:13,7001,200000119,경기70바6086,33,120000671,0,37,1
2026-10-10 06:14:04,2026-10-10,5,06:14,8800,200000205,경기70바5485,8,203000063,0,41,1
2026-10-10 06:14:04,2026-10-10,5,06:14,8800,200000205,경기70바5513,12,202000053,0,38,1
2026-10-10 06:14:04,2026-10-10,5,06:14,8800,200000205,경기70바5912,16,277103231,0,31,1
2026-10-10 06:14:04,2026-10-10,5,06:14,8800,200000205,경기70바6082,29,277104180,0,41,1
2026-10-10 06:14:04,2026-10-10,5,06:14,8800,200000205,경기70바5934,34,277104283,0,39,1
2026-10-10 06:14:04,2026-10-10,5,06:14,3007,200000110,경기70바5928,4,201000118,0,43,1
2026-10-10 06:14:04,2026-10-10,5,06:14,3007,200000110,경기70바5763,13,203000068,0,35,1
2026-10-10 06:14:04,2026-10-10,5,06:14,3007,200000110,경기70바5703,21,203000166,0,43,1
2026-10-10 06:14:04,2026-10-10,5,06:14,3007,200000110,경기70바5700,27,277103386,2,41,1
2026-10-10 06:14:04,2026-10-10,5,06:14,3007,200000110,경기70바3692,33,121000004,2,39,1
2026-10-10 06:14:04,2026-10-10,5,06:14,7001,200000119,경기70바5906,6,201000210,0,41,1
2026-10-10 06:14:04,2026-10-10,5,06:14,7001,200000119,경기70바5777,16,202000038,0,44,1
2026-10-10 06:14:04,2026-10-10,5,06:14,7001,200000119,경기70바5776,23,277103227,0,40,1
2026-10-10 06:14:04,2026-10-10,5,06:14,7001,200000119,경기70바6086,34,121001315,1,37,1
2026-10-10 06:15:06,2026-10-10,5,06:15,8800,200000205,경기70바5485,8,203000063,0,41,1
2026-10-10 06:15:06,2026-10-10,5,06:15,8800,200000205,경기70바5513,13,203000166,1,38,1
2026-10-10 06:15:06,2026-10-10,5,06:15,8800,200000205,경기70바5912,16,277103231,0,31,1
2026-10-10 06:15:06,2026-10-10,5,06:15,8800,200000205,경기70바6082,30,277104186,0,41,1
2026-10-10 06:15:06,2026-10-10,5,06:15,8800,200000205,경기70바5934,35,101000128,1,43,1
2026-10-10 06:15:06,2026-10-10,5,06:15,3007,200000110,경기70바5928,5,201000211,2,42,1
2026-10-10 06:15:06,2026-10-10,5,06:15,3007,200000110,경기70바5763,13,203000068,0,35,1
2026-10-10 06:15:06,2026-10-10,5,06:15,3007,200000110,경기70바5703,22,277103382,0,43,1
2026-10-10 06:15:06,2026-10-10,5,06:15,3007,200000110,경기70바5700,28,277103151,0,41,1
2026-10-10 06:15:06,2026-10-10,5,06:15,3007,200000110,경기70바3692,34,121000006,2,39,1
2026-10-10 06:15:06,2026-10-10,5,06:15,7001,200000119,경기70바5906,7,203000164,2,40,1
2026-10-10 06:15:06,2026-10-10,5,06:15,7001,200000119,경기70바5777,18,202000036,2,44,1
2026-10-10 06:15:06,2026-10-10,5,06:15,7001,200000119,경기70바5776,24,277103321,0,40,1
2026-10-10 06:15:06,2026-10-10,5,06:15,7001,200000119,경기70바6086,34,121001315,1,37,1
2026-10-10 06:16:08,2026-10-10,5,06:16,8800,200000205,경기70바5548,1,201000212,0,44,1
2026-10-10 06:16:08,2026-10-10,5,06:16,8800,200000205,경기70바5485,8,203000063,0,41,1
2026-10-10 06:16:08,2026-10-10,5,06:16,8800,200000205,경기70바5513,13,203000166,0,38,1
2026-10-10 06:16:08,2026-10-10,5,06:16,8800,200000205,경기70바5912,17,277103443,2,31,1
2026-10-10 06:16:08,2026-10-10,5,06:16,8800,200000205,경기70바6082,30,277104186,0,41,1
2026-10-10 06:16:08,2026-10-10,5,06:16,8800,200000205,경기70바5934,35,101000128,0,43,1
2026-10-10 06:16:08,2026-10-10,5,06:16,3007,200000110,경기70바5928,5,201000211,0,42,1
2026-10-10 06:16:08,2026-10-10,5,06:16,3007,200000110,경기70바5763,14,203000067,2,35,1
2026-10-10 06:16:08,2026-10-10,5,06:16,3007,200000110,경기70바5703,22,277103382,0,43,1
2026-10-10 06:16:08,2026-10-10,5,06:16,3007,200000110,경기70바5700,28,277103151,0,41,1
2026-10-10 06:16:08,2026-10-10,5,06:16,3007,200000110,경기70바3692,35,121000008,1,39,1
2026-10-10 06:16:08,2026-10-10,5,06:16,7001,200000119,경기70바5906,7,203000164,0,40,1
2026-10-10 06:16:08,2026-10-10,5,06:16,7001,200000119,경기70바5777,18,202000036,2,44,1
2026-10-10 06:16:08,2026-10-10,5,06:16,7001,200000119,경기70바5776,25,277104642,0,40,1
2026-10-10 06:16:08,2026-10-10,5,06:16,7001,200000119,경기70바6086,34,121001315,0,44,1
2026-10-10 06:17:10,2026-10-10,5,06:17,8800,200000205,경기70바5548,1,201000212,0,44,1
2026-10-10 06:17:10,2026-10-10,5,06:17,8800,200000205,경기70바5485,9,203000068,0,41,1
2026-10-10 06:17:10,2026-10-10,5,06:17,8800,200000205,경기70바5513,14,277103382,0,38,1
2026-10-10 06:17:10,2026-10-10,5,06:17,8800,200000205,경기70바5912,17,277103443,2,31,1
2026-10-10 06:17:10,2026-10-10,5,06:17,8800,200000205,경기70바6082,31,101000002,1,41,1
2026-10-10 06:17:10,2026-10-10,5,06:17,8800,200000205,경기70바5934,36,101000006,2,42,1
2026-10-10 06:17:10,2026-10-10,5,06:17,3007,200000110,경기70바5928,6,201000210,0,40,1
2026-10-10 06:17:10,2026-10-10,5,06:17,3007,200000110,경기70바5763,15,203000066,2,35,1
2026-10-10 06:17:10,2026-10-10,5,06:17,3007,200000110,경기70바5703,23,277103691,2,43,1
2026-10-10 06:17:10,2026-10-10,5,06:17,3007,200000110,경기70바5700,28,277103151,0,41,1
2026-10-10 06:17:10,2026-10-10,5,06:17,3007,200000110,경기70바3692,35,121000008,0,40,1
2026-10-10 06:17:10,2026-10-10,5,06:17,7001,200000119,경기70바5906,7,203000164,0,40,1
2026-10-10 06:17:10,2026-10-10,5,06:17,7001,200000119,경기70바5777,18,202000036,2,44,1
2026-10-10 06:17:10,2026-10-10,5,06:17,7001,200000119,경기70바5776,25,277104642,0,40,1
2026-10-10 06:18:12,2026-10-10,5,06:18,8800,200000205,경기70바5548,2,277102455,1,44,1
2026-10-10 06:18:12,2026-10-10,5,06:18,8800,200000205,경기70바5485,9,203000068,0,41,1
2026-10-10 06:18:12,2026-10-10,5,06:18,8800,200000205,경기70바5513,14,277103382,0,38,1
2026-10-10 06:18:12,2026-10-10,5,06:18,8800,200000205,경기70바5912,18,277102630,2,31,1
2026-10-10 06:18:12,2026-10-10,5,06:18,8800,200000205,경기70바6082,31,101000002,0,41,1
2026-10-10 06:18:12,2026-10-10,5,06:18,8800,200000205,경기70바5934,36,101000006,0,42,1
2026-10-10 06:18:12,2026-10-10,5,06:18,3007,200000110,경기70바5928,8,203000163,2,40,1
2026-10-10 06:18:12,2026-10-10,5,06:18,3007,200000110,경기70바5763,15,203000066,0,35,1
2026-10-10 06:18:12,2026-10-10,5,06:18,3007,200000110,경기70바5703,23,277103691,0,43,1
2026-10-10 06:18:12,2026-10-10,5,06:18,3007,200000110,경기70바5700,29,277103441,2,41,1
2026-10-10 06:18:12,2026-10-10,5,06:18,3007,200000110,경기70바3692,36,122000742,0,48,1
2026-10-10 06:18:12,2026-10-10,5,06:18,7001,200000119,경기70바5906,9,203000162,2,40,1
2026-10-10 06:18:12,2026-10-10,5,06:18,7001,200000119,경기70바5777,18,202000036,0,44,1
2026-10-10 06:18:12,2026-10-10,5,06:18,7001,200000119,경기70바5776,26,226000039,0,34,1
2026-10-10 06:19:14,2026-10-10,5,06:19,8800,200000205,경기70바5548,3,201000192,0,43,1
2026-10-10 06:19:14,2026-10-10,5,06:19,8800,200000205,경기70바5485,10,203000066,2,39,1
2026-10-10 06:19:14,2026-10-10,5,06:19,8800,200000205,경기70바5513,14,277103382,0,38,1
2026-10-10 06:19:14,2026-10-10,5,06:19,8800,200000205,경기70바5912,19,277103386,2,31,1
2026-10-10 06:19:14,2026-10-10,5,06:19,8800,200000205,경기70바6082,32,277104376,0,41,1
2026-10-10 06:19:14,2026-10-10,5,06:19,3007,200000110,경기70바5928,8,203000163,2,40,1
2026-10-10 06:19:14,2026-10-10,5,06:19,3007,200000110,경기70바5763,16,202000038,2,35,1
2026-10-10 06:19:14,2026-10-10,5,06:19,3007,200000110,경기70바5703,24,277103231,0,43,1
2026-10-10 06:19:14,2026-10-10,5,06:19,3007,200000110,경기70바5700,30,277104177,2,41,1
2026-10-10 06:19:14,2026-10-10,5,06:19,3007,200000110,경기70바3692,36,122000742,0,48,1
2026-10-10 06:19:14,2026-10-10,5,06:19,7001,200000119,경기70바3695,1,201000212,0,48,1
2026-10-10 06:19:14,2026-10-10,5,06:19,7001,200000119,경기70바5906,11,203000063,2,40,1
2026-10-10 06:19:14,2026-10-10,5,06:19,7001,200000119,경기70바5777,20,203000167,0,44,1
2026-10-10 06:19:14,2026-10-10,5,06:19,7001,200000119,경기70바5776,26,226000039,0,34,1
2026-10-10 06:20:16,2026-10-10,5,06:20,8800,200000205,경기70바5548,4,201000118,0,43,1
2026-10-10 06:20:16,2026-10-10,5,06:20,8800,200000205,경기70바5485,10,203000066,2,39,1
2026-10-10 06:20:16,2026-10-10,5,06:20,8800,200000205,경기70바5513,15,277103691,2,38,1
2026-10-10 06:20:16,2026-10-10,5,06:20,8800,200000205,경기70바5912,19,277103386,0,31,1
2026-10-10 06:20:16,2026-10-10,5,06:20,8800,200000205,경기70바6082,32,277104376,0,41,1
2026-10-10 06:20:16,2026-10-10,5,06:20,3007,200000110,경기70바5928,8,203000163,0,40,1
2026-10-10 06:20:16,2026-10-10,5,06:20,3007,200000110,경기70바5763,17,202000037,2,35,1
2026-10-10 06:20:16,2026-10-10,5,06:20,3007,200000110,경기70바5703,24,277103231,0,43,1
2026-10-10 06:20:16,2026-10-10,5,06:20,3007,200000110,경기70바5700,30,277104177,0,41,1
2026-10-10 06:20:16,2026-10-10,5,06:20,3007,200000110,경기70바3692,36,122000742,0,48,1
2026-10-10 06:20:16,2026-10-10,5,06:20,7001,200000119,경기70바3695,1,201000212,0,48,1
2026-10-10 06:20:16,2026-10-10,5,06:20,7001,200000119,경기70바5906,12,203000160,0,40,1
2026-10-10 06:20:16,2026-10-10,5,06:20,7001,200000119,경기70바5777,21,203000166,2,44,1
2026-10-10 06:20:16,2026-10-10,5,06:20,7001,200000119,경기70바5776,27,277103221,0,34,1
2026-10-10 06:21:17,2026-10-10,5,06:21,8800,200000205,경기70바5548,4,201000118,0,43,1
2026-10-10 06:21:17,2026-10-10,5,06:21,8800,200000205,경기70바5485,10,203000066,0,39,1
2026-10-10 06:21:17,2026-10-10,5,06:21,8800,200000205,경기70바5513,15,277103691,0,38,1
2026-10-10 06:21:17,2026-10-10,5,06:21,8800,200000205,경기70바5912,20,277103151,0,31,1
2026-10-10 06:21:17,2026-10-10,5,06:21,8800,200000205,경기70바6082,34,277104283,2,41,1
2026-10-10 06:21:17,2026-10-10,5,06:21,3007,200000110,경기70바5913,1,201000212,0,43,1
2026-10-10 06:21:17,2026-10-10,5,06:21,3007,200000110,경기70바5928,10,203000161,1,39,1
2026-10-10 06:21:17,2026-10-10,5,06:21,3007,200000110,경기70바5763,18,202000036,2,33,1
2026-10-10 06:21:17,2026-10-10,5,06:21,3007,200000110,경기70바5703,24,277103231,0,43,1
2026-10-10 06:21:17,2026-10-10,5,06:21,3007,200000110,경기70바5700,31,277103725,2,41,1
2026-10-10 06:21:17,2026-10-10,5,06:21,3007,200000110,경기70바3692,38,277102187,0,48,1
2026-10-10 06:21:17,2026-10-10,5,06:21,7001,200000119,경기70바3695,2,277102455,0,48,1
2026-10-10 06:21:17,2026-10-10,5,06:21,7001,200000119,경기70바5906,12,203000160,0,40,1
2026-10-10 06:21:17,2026-10-10,5,06:21,7001,200000119,경기70바5777,21,203000166,0,44,1
2026-10-10 06:21:17,2026-10-10,5,06:21,7001,200000119,경기70바5776,27,277103221,0,34,1
2026-10-10 06:22:19,2026-10-10,5,06:22,8800,200000205,경기70바5548,4,201000118,0,43,1
2026-10-10 06:22:19,2026-10-10,5,06:22,8800,200000205,경기70바5485,10,203000066,0,39,1
2026-10-10 06:22:19,2026-10-10,5,06:22,8800,200000205,경기70바5513,16,277103231,0,38,1
2026-10-10 06:22:19,2026-10-10,5,06:22,8800,200000205,경기70바5912,21,277103679,0,31,1
2026-10-10 06:22:19,2026-10-10,5,06:22,8800,200000205,경기70바6082,35,101000128,0,41,1
2026-10-10 06:22:19,2026-10-10,5,06:22,3007,200000110,경기70바5913,1,201000212,0,43,1
2026-10-10 06:22:19,2026-10-10,5,06:22,3007,200000110,경기70바5928,11,203000063,2,36,1
2026-10-10 06:22:19,2026-10-10,5,06:22,3007,200000110,경기70바5763,18,202000036,2,33,1
2026-10-10 06:22:19,2026-10-10,5,06:22,3007,200000110,경기70바5703,25,277103443,0,43,1
2026-10-10 06:22:19,2026-10-10,5,06:22,3007,200000110,경기70바5700,31,277103725,0,41,1
2026-10-10 06:22:19,2026-10-10,5,06:22,7001,200000119,경기70바3695,3,201000192,0,48,1
2026-10-10 06:22:19,2026-10-10,5,06:22,7001,200000119,경기70바5906,12,203000160,0,40,1
2026-10-10 06:22:19,2026-10-10,5,06:22,7001,200000119,경기70바5777,22,277103382,0,44,1
2026-10-10 06:22:19,2026-10-10,5,06:22,7001,200000119,경기70바5776,28,277103159,0,34,1
2026-10-10 06:23:21,2026-10-10,5,06:23,8800,200000205,경기70바5548,5,201000210,1,43,1
2026-10-10 06:23:21,2026-10-10,5,06:23,8800,200000205,경기70바5485,11,202000037,0,39,1
2026-10-10 06:23:21,2026-10-10,5,06:23,8800,200000205,경기70바5513,16,277103231,0,38,1
2026-10-10 06:23:21,2026-10-10,5,06:23,8800,200000205,경기70바5912,21,277103679,0,31,1
2026-10-10 06:23:21,2026-10-10,5,06:23,8800,200000205,경기70바6082,35,101000128,0,41,1
2026-10-10 06:23:21,2026-10-10,5,06:23,3007,200000110,경기70바5913,1,201000212,0,43,1
2026-10-10 06:23:21,2026-10-10,5,06:23,3007,200000110,경기70바5928,12,203000160,0,36,1
2026-10-10 06:23:21,2026-10-10,5,06:23,3007,200000110,경기70바5763,18,202000036,0,33,1
2026-10-10 06:23:21,2026-10-10,5,06:23,3007,200000110,경기70바5703,25,277103443,0,43,1
2026-10-10 06:23:21,2026-10-10,5,06:23,3007,200000110,경기70바5700,32,121001343,2,42,1
2026-10-10 06:23:21,2026-10-10,5,06:23,7001,200000119,경기70바3695,4,201000118,1,48,1
2026-10-10 06:23:21,2026-10-10,5,06:23,7001,200000119,경기70바5906,13,203000068,2,40,1
2026-10-10 06:23:21,2026-10-10,5,06:23,7001,200000119,경기70바5777,22,277103382,0,44,1
2026-10-10 06:23:21,2026-10-10,5,06:23,7001,200000119,경기70바5776,29,277103200,0,34,1
2026-10-10 06:24:23,2026-10-10,5,06:24,8800,200000205,경기70바5548,5,201000210,2,39,1
2026-10-10 06:24:23,2026-10-10,5,06:24,8800,200000205,경기70바5485,12,202000053,2,39,1
2026-10-10 06:24:23,2026-10-10,5,06:24,8800,200000205,경기70바5513,16,277103231,0,38,1
2026-10-10 06:24:23,2026-10-10,5,06:24,8800,200000205,경기70바5912,22,277103441,2,31,1
2026-10-10 06:24:23,2026-10-10,5,06:24,8800,200000205,경기70바6082,35,101000128,0,41,1
2026-10-10 06:24:23,2026-10-10,5,06:24,3007,200000110,경기70바5913,3,201000192,1,43,1
2026-10-10 06:24:23,2026-10-10,5,06:24,3007,200000110,경기70바5928,12,203000160,0,36,1
2026-10-10 06:24:23,2026-10-10,5,06:24,3007,200000110,경기70바5763,19,202000053,2,30,1
2026-10-10 06:24:23,2026-10-10,5,06:24,3007,200000110,경기70바5703,26,277102630,2,43,1
2026-10-10 06:24:23,2026-10-10,5,06:24,3007,200000110,경기70바5700,33,121000004,1,42,1
2026-10-10 06:24:23,2026-10-10,5,06:24,7001,200000119,경기70바3695,4,201000118,0,47,1
2026-10-10 06:24:23,2026-10-10,5,06:24,7001,200000119,경기70바5906,14,203000067,1,41,1
2026-10-10 06:24:23,2026-10-10,5,06:24,7001,200000119,경기70바5777,23,277103227,0,44,1
2026-10-10 06:24:23,2026-10-10,5,06:24,7001,200000119,경기70바5776,29,277103200,0,34,1
2026-10-10 06:25:25,2026-10-10,5,06:25,8800,200000205,경기70바5548,5,201000210,0,39,1
2026-10-10 06:25:25,2026-10-10,5,06:25,8800,200000205,경기70바5485,12,202000053,0,39,1
2026-10-10 06:25:25,2026-10-10,5,06:25,8800,200000205,경기70바5513,16,277103231,0,38,1
2026-10-10 06:25:25,2026-10-10,5,06:25,8800,200000205,경기70바5912,23,277104177,2,31,1
2026-10-10 06:25:25,2026-10-10,5,06:25,8800,200000205,경기70바6082,36,101000006,2,40,1
2026-10-10 06:25:25,2026-10-10,5,06:25,3007,200000110,경기70바5913,3,201000192,0,41,1
2026-10-10 06:25:25,2026-10-10,5,06:25,3007,200000110,경기70바5928,12,203000160,0,36,1
2026-10-10 06:25:25,2026-10-10,5,06:25,3007,200000110,경기70바5763,20,203000167,0,30,1
2026-10-10 06:25:25,2026-10-10,5,06:25,3007,200000110,경기70바5703,27,277103386,2,43,1
2026-10-10 06:25:25,2026-10-10,5,06:25,3007,200000110,경기70바5700,33,121000004,2,42,1
2026-10-10 06:25:25,2026-10-10,5,06:25,7001,200000119,경기70바3695,5,201000211,0,47,1
2026-10-10 06:25:25,2026-10-10,5,06:25,7001,200000119,경기70바5906,15,203000066,1,40,1
2026-10-10 06:25:25,2026-10-10,5,06:25,7001,200000119,경기70바5777,23,277103227,0,44,1
2026-10-10 06:25:25,2026-10-10,5,06:25,7001,200000119,경기70바5776,30,277103203,0,34,1
2026-10-10 06:26:27,2026-10-10,5,06:26,8800,200000205,경기70바5548,6,203000163,1,39,1
2026-10-10 06:26:27,2026-10-10,5,06:26,8800,200000205,경기70바5485,13,203000166,1,39,1
2026-10-10 06:26:27,2026-10-10,5,06:26,8800,200000205,경기70바5513,17,277103443,2,38,1
2026-10-10 06:26:27,2026-10-10,5,06:26,8800,200000205,경기70바5912,24,277103388,2,31,1
2026-10-10 06:26:27,2026-10-10,5,06:26,8800,200000205,경기70바6082,36,101000006,0,40,1
2026-10-10 06:26:27,2026-10-10,5,06:26,3007,200000110,경기70바5913,3,201000192,0,41,1
2026-10-10 06:26:27,2026-10-10,5,06:26,3007,200000110,경기70바5928,13,203000068,2,35,1
2026-10-10 06:26:27,2026-10-10,5,06:26,3007,200000110,경기70바5763,21,203000166,1,30,1
2026-10-10 06:26:27,2026-10-10,5,06:26,3007,200000110,경기70바5703,27,277103386,2,43,1
2026-10-10 06:26:27,2026-10-10,5,06:26,3007,200000110,경기70바5700,33,121000004,2,42,1
2026-10-10 06:26:27,2026-10-10,5,06:26,7001,200000119,경기70바3695,6,201000210,0,47,1
2026-10-10 06:26:27,2026-10-10,5,06:26,7001,200000119,경기70바5906,16,202000038,1,39,1
2026-10-10 06:26:27,2026-10-10,5,06:26,7001,200000119,경기70바5777,23,277103227,0,44,1
2026-10-10 06:26:27,2026-10-10,5,06:26,7001,200000119,경기70바5776,31,277103205,0,34,1
2026-10-10 06:27:29,2026-10-10,5,06:27,8800,200000205,경기70바5548,7,203000162,2,39,1
2026-10-10 06:27:29,2026-10-10,5,06:27,8800,200000205,경기70바5485,13,203000166,0,38,1
2026-10-10 06:27:29,2026-10-10,5,06:27,8800,200000205,경기70바5513,17,277103443,2,38,1
2026-10-10 06:27:29,2026-10-10,5,06:27,8800,200000205,경기70바5912,24,277103388,0,31,1
2026-10-10 06:27:29,2026-10-10,5,06:27,3007,200000110,경기70바5913,4,201000118,0,40,1
2026-10-10 06:27:29,2026-10-10,5,06:27,3007,200000110,경기70바5928,14,203000067,1,35,1
2026-10-10 06:27:29,2026-10-10,5,06:27,3007,200000110,경기70바5763,21,203000166,0,30,1
2026-10-10 06:27:29,2026-10-10,5,06:27,3007,200000110,경기70바5703,28,277103151,0,43,1
2026-10-10 06:27:29,2026-10-10,5,06:27,3007,200000110,경기70바5700,34,121000006,2,42,1
2026-10-10 06:27:29,2026-10-10,5,06:27,7001,200000119,경기70바3695,7,203000164,2,47,1
2026-10-10 06:27:29,2026-10-10,5,06:27,7001,200000119,경기70바5906,16,202000038,0,38,1
2026-10-10 06:27:29,2026-10-10,5,06:27,7001,200000119,경기70바5777,23,277103227,0,44,1
2026-10-10 06:27:29,2026-10-10,5,06:27,7001,200000119,경기70바5776,31,277103205,0,34,1
2026-10-10 06:28:40,2026-10-10,5,06:28,8800,200000205,경기70바3784,1,201000212,2,44,1
2026-10-10 06:28:40,2026-10-10,5,06:28,8800,200000205,경기70바5548,7,203000162,2,39,1
2026-10-10 06:28:40,2026-10-10,5,06:28,8800,200000205,경기70바5485,14,277103382,0,38,1
2026-10-10 06:28:40,2026-10-10,5,06:28,8800,200000205,경기70바5513,18,277102630,2,38,1
2026-10-10 06:28:40,2026-10-10,5,06:28,8800,200000205,경기70바5912,25,277103390,0,31,1
2026-10-10 06:28:40,2026-10-10,5,06:28,3007,200000110,경기70바5913,6,201000210,2,40,1
2026-10-10 06:28:40,2026-10-10,5,06:28,3007,200000110,경기70바5928,15,203000066,1,35,1
2026-10-10 06:28:40,2026-10-10,5,06:28,3007,200000110,경기70바5763,22,277103382,0,30,1
2026-10-10 06:28:40,2026-10-10,5,06:28,3007,200000110,경기70바5703,28,277103151,0,43,1
2026-10-10 06:28:40,2026-10-10,5,06:28,3007,200000110,경기70바5700,35,121000008,1,42,1
2026-10-10 06:28:40,2026-10-10,5,06:28,7001,200000119,경기70바3695,7,203000164,2,47,1
2026-10-10 06:28:40,2026-10-10,5,06:28,7001,200000119,경기70바5906,18,202000036,2,37,1
2026-10-10 06:28:40,2026-10-10,5,06:28,7001,200000119,경기70바5777,24,277103321,0,44,1
2026-10-10 06:28:40,2026-10-10,5,06:28,7001,200000119,경기70바5776,32,220000020,0,34,1
